{"accuracy": [0.4527938961982727, 0.7470216155052185, 0.8376383781433105, 0.882551372051239, 0.9125988483428955, 0.934343695640564, 0.9486557841300964, 0.953347384929657, 0.9632841348648071, 0.9681338667869568], "loss": [1.8895708322525024, 0.8244351148605347, 0.5176494121551514, 0.36732327938079834, 0.27346858382225037, 0.20278266072273254, 0.15533757209777832, 0.1388082653284073, 0.11141294986009598, 0.09697196632623672], "val_accuracy": [0.7026949524879456, 0.7880643010139465, 0.8535217642784119, 0.8614178895950317, 0.9006122350692749, 0.9084510803222656, 0.8926589488983154, 0.9056473970413208, 0.9196086525917053, 0.9263031482696533], "val_loss": [1.0060044527053833, 0.7083770632743835, 0.5009480118751526, 0.45602214336395264, 0.34046533703804016, 0.33161047101020813, 0.4281567633152008, 0.35270899534225464, 0.2792120575904846, 0.28055381774902344]}